total_req_ids,total_hlj_items,num_all_models_agree,num_full_disagreement,avg_agreement,avg_entropy,opus4_macro_precision,opus4_macro_recall,opus4_macro_f1,meta70b_macro_precision,meta70b_macro_recall,meta70b_macro_f1
30,514,190,280,0.39191217342968315,0.5831224124401073,0.1044349070100142,0.1294706723891272,0.11340690782750856,0.0893617021276596,0.09999999999999999,0.09333333333333335
