domain,n,precision_v2,recall_v2,f1_v2,jaccard_v2,precision_v3,recall_v3,f1_v3,jaccard_v3
FinTech,282,0.6944444444444439,0.5556273218507267,0.5857971815418633,0.46700873988108094,0.8800236406619384,0.516420409771474,0.6083254019424237,0.5021614319486661
SaaS,217,0.6789554531490019,0.5693475239558192,0.5842702868048489,0.46226318484383044,0.9362519201228879,0.5261977909443353,0.6227196254846025,0.5105734767025094
SaaS Analytics,10,0.5166666666666667,0.30357142857142855,0.3762842712842713,0.24174603174603174,0.9,0.2892857142857143,0.42928571428571427,0.2892857142857143
Compliance and Security,5,0.7999999999999999,0.9333333333333332,0.8533333333333333,0.7666666666666666,0.9,0.9,0.9,0.8666666666666666
