domain,n,precision_v2,recall_v2,f1_v2,jaccard_v2,precision_v3,recall_v3,f1_v3,jaccard_v3
SaaS,170,0.22843137254901963,0.15557889822595697,0.17893175451998977,0.13158496732026137,0.3362745098039216,0.1469841269841269,0.18955182072829135,0.14218020541549947
FinTech,334,0.21631736526946108,0.1497540633019675,0.16822415774511573,0.12277479672689248,0.30389221556886226,0.14743964452048283,0.18544620715279392,0.14383376104932996
